{
	"dostawcy": [
		{
			"dostawca": {
				"imie": "Jan",
                "nazwisko": "Kowalski",
                "adres": "ul. Dluga 34 85-123 Bydgoszcz",
                "adres_email": "jkowalski@dpd.com",
                "data_zatrudnienia":                    date,
                "godziny_pracy":                        varchar,
                "haslo                                varchar not null,
                "liczba_godzin_przepracowaanych_w_msc integer,
                "login                                varchar not null,
                "numer_telefonu                       varchar not null,
                "rodzaj_umowy                         varchar,
                "stawka_godzinowa                     numeric(5, 2),
                "firma                                varchar not null,
                "typ_samochodu

			}
		}
	]
}